{
  "project_info": {
    "project_number": "90626903452",
    "firebase_url": "https://stuspace-app-default-rtdb.firebaseio.com",
    "project_id": "stuspace-app",
    "storage_bucket": "stuspace-app.appspot.com"
  },
  "client": [
    {
      "client_info": {
        "mobilesdk_app_id": "1:90626903452:android:7691afb8cef707de81cc59",
        "android_client_info": {
          "package_name": "com.example.myapplication"
        }
      },
      "oauth_client": [
        {
          "client_id": "90626903452-4lfbjnveg9r2r1p3jlcvopqoer87hftd.apps.googleusercontent.com",
          "client_type": 3
        }
      ],
      "api_key": [
        {
          "current_key": "AIzaSyDR6Bu_dVgBLzUCWJbn1q1Tup-_apnxzw4"
        }
      ],
      "services": {
        "appinvite_service": {
          "other_platform_oauth_client": [
            {
              "client_id": "90626903452-4lfbjnveg9r2r1p3jlcvopqoer87hftd.apps.googleusercontent.com",
              "client_type": 3
            }
          ]
        }
      }
    }
  ],
  "configuration_version": "1"
}